﻿[
  {
    "hotel": {
      "propertyID": "79732",
      "name": "JAC Canada (CA$)8314",
      "geoId": "279",
      "rating": "3"
    },
    "rates": [
      {
        "rateType": "PerNight",
        "boardType": "No Meals",
        "value": "207.6"
      },
      {
        "rateType": "PerNight",
        "boardType": "Half Board",
        "value": "242.2"
      },
      {
        "rateType": "PerNight",
        "boardType": "Full Board",
        "value": "276.8"
      }
    ]
  },
  {
    "hotel": {
      "propertyID": "79821",
      "name": "JAC Canada (CA$)8555",
      "geoId": "279",
      "rating": "3"
    },
    "rates": [
      {
        "rateType": "Stay",
        "boardType": "No Meals",
        "value": "590.4"
      },
      {
        "rateType": "Stay",
        "boardType": "Half Board",
        "value": "242.2"
      },
      {
        "rateType": "Stay",
        "boardType": "Full Board",
        "value": "787.2"
      }
    ]
  }
]